SNP,Saliency
Gm14_398773,0.024551
Gm12_2659260,0.024286
Gm13_2550479,0.020849
Gm12_2894203,0.020732
Gm15_10699836,0.020370
Gm10_36744954,0.019979
Gm12_2762306,0.019649
Gm15_48737423,0.019516
Gm11_6904568,0.019048
Gm19_839611,0.018977
Gm18_2444660,0.018555
Gm04_31890261,0.018339
Gm14_917668,0.018161
Gm04_18306789,0.018093
Gm19_1250010,0.018014
Gm03_1046029,0.017988
Gm11_1266080,0.017905
Gm04_2571383,0.017890
Gm07_5480878,0.017771
Gm13_23782754,0.017667
