SNP,Saliency
Gm12_2659260,0.022425
Gm14_398773,0.022258
Gm12_2762306,0.022196
Gm13_26443517,0.021585
Gm13_23782754,0.021316
Gm13_2550479,0.021071
Gm15_10699836,0.020311
Gm12_2894203,0.020192
Gm15_48737423,0.019901
Gm10_50834461,0.019256
Gm19_839611,0.018247
Gm10_36744954,0.018192
Gm04_2571383,0.017865
Gm04_31890261,0.017820
Gm07_5480878,0.017736
Gm02_5035934,0.017685
Gm04_18306789,0.017622
Gm11_6904568,0.017534
Gm13_29736067,0.017146
Gm02_5591380,0.017080
