SNP,Saliency
Gm12_2762306,0.024684
Gm12_2894203,0.023325
Gm14_398773,0.023242
Gm13_2550479,0.022319
Gm12_2659260,0.021466
Gm11_1266080,0.021461
Gm13_23782754,0.020985
Gm13_26443517,0.020857
Gm15_10699836,0.020738
Gm19_839611,0.020647
Gm10_50834461,0.020115
Gm04_8184443,0.019415
Gm10_36744954,0.019408
Gm07_5480878,0.019095
Gm02_5591380,0.018859
Gm04_31890261,0.018776
Gm19_1250010,0.018607
Gm04_2571383,0.018602
Gm11_6904568,0.018587
Gm02_48371970,0.018312
