SNP,Saliency
Gm14_398773,0.023446
Gm12_2659260,0.022314
Gm12_2762306,0.021536
Gm13_2550479,0.021479
Gm13_26443517,0.021069
Gm13_23782754,0.020672
Gm12_2894203,0.020164
Gm10_50834461,0.020071
Gm04_18306789,0.019927
Gm15_10699836,0.019738
Gm10_36744954,0.018886
Gm07_5480878,0.018310
Gm10_430625,0.018288
Gm04_31890261,0.017657
Gm19_839611,0.017544
Gm03_1592339,0.017489
Gm04_2571383,0.017226
Gm19_1250010,0.017216
Gm02_47684621,0.017180
Gm15_48737423,0.017148
